<?xml version="1.0" encoding="utf-8"?>
<doctrine-mapping xmlns="http://doctrine-project.org/schemas/orm/doctrine-mapping" xmlns:xsi="http://www.w3.org/2001/XMLSchema-instance" xsi:schemaLocation="http://doctrine-project.org/schemas/orm/doctrine-mapping http://doctrine-project.org/schemas/orm/doctrine-mapping.xsd">
  <entity name="AppBundle\Entity\Lanzamiento" table="lanzamiento">
    <id name="numero" type="integer" column="numero">
      <generator strategy="IDENTITY"/>
    </id>
    <field name="consola" type="string" column="consola" length="255" nullable="true">
      <options>
        <option name="fixed"/>
      </options>
    </field>
    <field name="juego" type="string" column="juego" length="255" nullable="true">
      <options>
        <option name="fixed"/>
      </options>
    </field>
  </entity>
</doctrine-mapping>
